Metric,Value
Accuracy,0.592741935483871
Precision,0.627851585912351
Recall,0.592741935483871
F1 Score,0.5528959589683402
Dataset Organization,ambakick
