Metric,Value
Accuracy,0.5
Precision,0.5833333333333334
Recall,0.5
F1 Score,0.4583333333333333
