Metric,Value
Accuracy,0.592741935483871
Precision,0.6327978323946065
Recall,0.592741935483871
F1 Score,0.5537414980863861
Dataset Organization,ambakick
